<?xml version="1.0" encoding="utf-8" standalone="no" ?>
<modDesc descVersion="68">
    <author>modelleicher (Farming Agency)</author>
    <version>0.3.0.2</version>
    <title>
        <de>RealismAddon: Fillables</de>
		<en>RealismAddon: Fillables</en>
    </title>
    <description>
        <de>
<![CDATA[Dieses Script erhöht den Realismus für Füllbare Fahrzeuge. Es besteht hauptsächlich aus 2 Dingen.
Zum einen erlaubt es Fahrzeuge über das zulässige Gesamtgewicht zu beladen. 
Das andere Feature ist die Möglichkeit Fillables über 100% zu füllen allerdings mit zunehmendem "Verlust".]]>
        </de>
	<en>
<![CDATA[This Script is made to enhance realism on fillable vehicles. It consists of mainly two things.
First it allows fillable vehicles to be overloaded past max. allowed weight.
Secondly it allows fillables to be filled past 100% with increasing "loss" penalty.]]>
	</en>
    </description>

	<iconFilename>store.dds</iconFilename>

    <multiplayer supported="true"/>
	
    <extraSourceFiles>
	
        <sourceFile filename="realismAddon_fillables.lua"/>
		
    </extraSourceFiles>
	
    <actions>
        <action name="REALISM_ADDON_FILLABLES_LOCALONOFF" />
    </actions>

    <inputBinding>
        <actionBinding action="REALISM_ADDON_FILLABLES_LOCALONOFF">
            <binding device="KB_MOUSE_DEFAULT" input=""/>
        </actionBinding>
    </inputBinding>

	<l10n>
        <text name="action_REALISM_ADDON_FILLABLES_LOCALONOFF"><de>Kapazität-Überladen: an/aus schalten</de><en>Capacity-Overload: toggle on/off</en></text>
        <text name="action_REALISM_ADDON_FILLABLES_LOCALON"><de>Kapazität-Überladen: an</de><en>Capacity-Overload: on</en></text>
        <text name="action_REALISM_ADDON_FILLABLES_LOCALOFF"><de>Kapazität-Überladen: aus</de><en>Capactiy-Overload: off</en></text>
 	</l10n>   	
	
</modDesc>